{
  "macros": {
    "macros": []
  },
  "modules": {
    "Aimbot": {
      "state": false,
      "keybind": 0,
      "array": true,
      "autodisable": "NONE",
      "trigger": "TOGGLE",
      "values": {
        "Range": 4.4,
        "TurnSpeed": 2.0,
        "FOV": 180.0,
        "Center": false,
        "Lock": true,
        "OnClick": false,
        "Jitter": false
      }
    },
    "Ambience": {
      "state": false,
      "keybind": 0,
      "array": true,
      "autodisable": "NONE",
      "trigger": "TOGGLE",
      "values": {
        "TimeMode": "Custom",
        "WeatherMode": "None",
        "CustomTime": 22235,
        "ChangeWorldTimeSpeed": 150,
        "WeatherStrength": 0.97
      }
    },
    "Animations": {
      "state": false,
      "keybind": 0,
      "trigger": "TOGGLE",
      "values": {
        "BlockingMode": "ETB",
        "InvMode": "None",
        "InvEase": "NONE",
        "InvEaseOrder": "FAST_AT_START",
        "InvTime": 100,
        "TabShowPlayerSkin": false,
        "TabMode": "None",
        "TabEase": "SINE",
        "TabEaseOrder": "FAST_AT_START",
        "TabTime": 500,
        "TranslateX": 0.0,
        "TranslateY": 0.0,
        "TranslateZ": 0.0,
        "ItemPosX": 0.64,
        "ItemPosY": -0.13,
        "ItemPosZ": -0.73,
        "ItemScale": 0.12,
        "SwingAnim": true,
        "SwingSpeed": 0.58,
        "AnythingBlock": true
      }
    },
    "AntiAim": {
      "state": false,
      "keybind": 0,
      "array": true,
      "autodisable": "NONE",
      "trigger": "TOGGLE",
      "values": {
        "YawMove": "Spin",
        "PitchMode": "Jitter",
        "SilentRotate": true
      }
    },
    "AntiBlind": {
      "state": false,
      "keybind": 0,
      "array": false,
      "autodisable": "NONE",
      "trigger": "TOGGLE",
      "values": {
        "Confusion": true,
        "Pumpkin": true,
        "Fire": false,
        "Bright": "NightVision"
      }
    },
    "AntiBot": {
      "state": false,
      "keybind": 0,
      "array": false,
      "autodisable": "NONE",
      "trigger": "TOGGLE",
      "values": {
        "Tab": false,
        "TabMode": "Contains",
        "EntityID": false,
        "Color": false,
        "LivingTime": true,
        "LivingTimeTicks": 19,
        "Ground": false,
        "Air": true,
        "InvalidGround": false,
        "Swing": false,
        "Health": false,
        "Derp": true,
        "WasInvisible": false,
        "ValidName": false,
        "Armor": false,
        "Ping": false,
        "NeedHit": false,
        "SpawnInCombat": false,
        "DuplicateInWorld": false,
        "DuplicateInTab": false,
        "DuplicateCompareMode": "OnTime",
        "FastDamage": false,
        "FastDamageTicks": 5,
        "AlwaysInRadius": false,
        "AlwaysInRadiusBlocks": 20.0,
        "AlwaysInRadiusRemove": false,
        "AlwaysInRadiusWithTicksCheck": false
      }
    },
    "AntiFireBall": {
      "state": false,
      "keybind": 0,
      "array": true,
      "autodisable": "NONE",
      "trigger": "TOGGLE",
      "values": {
        "Swing": "Normal",
        "Rotation": true
      }
    },
    "AntiStuck": {
      "state": false,
      "keybind": 0,
      "array": true,
      "autodisable": "NONE",
      "trigger": "TOGGLE",
      "values": {
        "Flags": 5
      }
    },
    "AntiVoid": {
      "state": false,
      "keybind": 0,
      "array": true,
      "autodisable": "NONE",
      "trigger": "TOGGLE",
      "values": {
        "Mode": "Blink",
        "MaxFallDistance": 10.0,
        "ResetMotion": false,
        "BlinkStartFallDistance": 2.0,
        "BlinkAutoScaffold": true,
        "OnlyVoid": true
      }
    },
    "AuthBypass": {
      "state": false,
      "keybind": 0,
      "array": true,
      "autodisable": "NONE",
      "trigger": "TOGGLE",
      "values": {
        "Mode": "RedeSky",
        "Delay": 1500
      }
    },
    "AutoAdvertise": {
      "state": false,
      "keybind": 0,
      "array": false,
      "autodisable": "NONE",
      "trigger": "TOGGLE",
      "values": {}
    },
    "AutoBow": {
      "state": true,
      "keybind": 0,
      "array": false,
      "autodisable": "NONE",
      "trigger": "TOGGLE",
      "values": {
        "WaitForBowAimbot": true
      }
    },
    "AutoClicker": {
      "state": false,
      "keybind": 0,
      "array": true,
      "autodisable": "NONE",
      "trigger": "TOGGLE",
      "values": {
        "MaxCPS": 8,
        "MinCPS": 5,
        "Right": true,
        "Left": true,
        "Jitter": false
      }
    },
    "AutoIgnore": {
      "state": false,
      "keybind": 0,
      "array": true,
      "autodisable": "NONE",
      "trigger": "TOGGLE",
      "values": {
        "MinDelay": 3000,
        "IgnoreVL": 3
      }
    },
    "AutoLogin": {
      "state": false,
      "keybind": 0,
      "array": true,
      "autodisable": "NONE",
      "trigger": "TOGGLE",
      "values": {
        "Register": "/register %p %p",
        "Login": "/login %p",
        "Password": "password",
        "Delay": 1500,
        "Title": true,
        "Chat": true
      }
    },
    "AutoPlay": {
      "state": false,
      "keybind": 0,
      "array": true,
      "autodisable": "NONE",
      "trigger": "TOGGLE",
      "values": {
        "Server": "RedeSky",
        "JoinDelay": 3
      }
    },
    "AutoPot": {
      "state": false,
      "keybind": 0,
      "array": true,
      "autodisable": "NONE",
      "trigger": "TOGGLE",
      "values": {
        "Health": 15.0,
        "Delay": 500,
        "ThrowTick": 3,
        "SelectSlot": -1,
        "OpenInv": false,
        "SimulateInventory": true,
        "Regen": true,
        "Utility": true,
        "NotCombat": true
      }
    },
    "AutoReport": {
      "state": false,
      "keybind": 0,
      "array": true,
      "autodisable": "NONE",
      "trigger": "TOGGLE",
      "values": {
        "Mode": "Hit",
        "Command": "/reportar %name%",
        "Tip": true,
        "AllDelay": 1000,
        "BlockBooks": false
      }
    },
    "AutoSoup": {
      "state": false,
      "keybind": 0,
      "array": true,
      "autodisable": "NONE",
      "trigger": "TOGGLE",
      "values": {
        "Health": 15.0,
        "Delay": 150,
        "OpenInv": false,
        "SimulateInventory": true,
        "Bowl": "Drop"
      }
    },
    "AutoTool": {
      "state": false,
      "keybind": 0,
      "array": false,
      "autodisable": "NONE",
      "trigger": "TOGGLE",
      "values": {}
    },
    "AutoWeapon": {
      "state": true,
      "keybind": 0,
      "array": true,
      "autodisable": "NONE",
      "trigger": "TOGGLE",
      "values": {
        "OnlySword": false,
        "SpoofItem": false,
        "SpoofTicks": 10
      }
    },
    "BetterFPS": {
      "state": false,
      "keybind": 0,
      "trigger": "TOGGLE",
      "values": {
        "SinMode": "Vanilla",
        "CosMode": "Vanilla"
      }
    },
    "BetterFont": {
      "state": true,
      "keybind": 0,
      "array": false,
      "autodisable": "NONE",
      "trigger": "TOGGLE",
      "values": {}
    },
    "Blink": {
      "state": false,
      "keybind": 0,
      "array": true,
      "autodisable": "NONE",
      "trigger": "TOGGLE",
      "values": {
        "Pulse": false,
        "PulseDelay": 2330
      }
    },
    "BlockESP": {
      "state": false,
      "keybind": 0,
      "array": true,
      "autodisable": "NONE",
      "trigger": "TOGGLE",
      "values": {
        "Mode": "Outline",
        "Outline-Width": 3.0,
        "Block": 168,
        "Radius": 40,
        "R": 255,
        "G": 179,
        "B": 72,
        "Rainbow": false
      }
    },
    "BlockOverlay": {
      "state": true,
      "keybind": 0,
      "array": false,
      "autodisable": "NONE",
      "trigger": "TOGGLE",
      "values": {
        "Red": 175,
        "Green": 207,
        "Blue": 200,
        "Alpha": 65,
        "LineWidth": 0.0,
        "Rainbow": true,
        "Info": false
      }
    },
    "BoatJump": {
      "state": false,
      "keybind": 0,
      "array": true,
      "autodisable": "NONE",
      "trigger": "TOGGLE",
      "values": {
        "Mode": "Boost",
        "HBoost": 3.0,
        "VBoost": 3.0,
        "MatrixTimerStart": 0.3,
        "MatrixTimerAir": 0.5,
        "LaunchRadius": 4.0,
        "Delay": 200,
        "AutoHit": true
      }
    },
    "BowAimbot": {
      "state": true,
      "keybind": 0,
      "array": false,
      "autodisable": "NONE",
      "trigger": "TOGGLE",
      "values": {
        "Silent": true,
        "Predict": true,
        "ThroughWalls": false,
        "PredictSize": 2.9,
        "Priority": "Direction",
        "Mark": true
      }
    },
    "Breadcrumbs": {
      "state": false,
      "keybind": 0,
      "array": true,
      "autodisable": "NONE",
      "trigger": "TOGGLE",
      "values": {
        "Type": "Sphere",
        "R": 92,
        "G": 255,
        "B": 255,
        "Alpha": 255,
        "Rainbow": false,
        "Fade": true,
        "DrawThePlayer": true,
        "DrawTargets": true,
        "FadeTime": 1,
        "Precision": 1,
        "LineWidth": 1,
        "SphereScale": 0.1
      }
    },
    "CameraClip": {
      "state": false,
      "keybind": 0,
      "array": true,
      "autodisable": "NONE",
      "trigger": "TOGGLE",
      "values": {}
    },
    "CapeManager": {
      "state": false,
      "keybind": 0,
      "trigger": "TOGGLE",
      "values": {}
    },
    "Chams": {
      "state": false,
      "keybind": 0,
      "array": true,
      "autodisable": "NONE",
      "trigger": "TOGGLE",
      "values": {
        "Targets": false,
        "Chests": false,
        "Items": false,
        "Rainbow": false,
        "Red": 255,
        "Green": 255,
        "Blue": 255,
        "Alpha": 200
      }
    },
    "ChatBypass": {
      "state": false,
      "keybind": 0,
      "array": true,
      "autodisable": "NONE",
      "trigger": "TOGGLE",
      "values": {
        "Mode": "Null",
        "Chance": 0.1,
        "Pinyin-Fill": " ",
        "MinUnicode": 1000,
        "MaxUnicode": 20000
      }
    },
    "ChatTranslator": {
      "state": false,
      "keybind": 0,
      "array": true,
      "autodisable": "NONE",
      "trigger": "TOGGLE",
      "values": {
        "Language": "Chinese",
        "API": "Bing"
      }
    },
    "ChestAura": {
      "state": false,
      "keybind": 0,
      "array": true,
      "autodisable": "NONE",
      "trigger": "TOGGLE",
      "values": {
        "Range": 5.0,
        "Delay": 100,
        "ThroughWalls": true,
        "Swing": "Normal",
        "Rotations": true,
        "DiscoverDelay": false,
        "DiscoverDelayValue": 200,
        "OnlyOnGround": true,
        "NotOpened": false,
        "DoubleClick": false,
        "NoCombating": true
      }
    },
    "ChestStealer": {
      "state": false,
      "keybind": 0,
      "array": true,
      "autodisable": "NONE",
      "trigger": "TOGGLE",
      "values": {
        "MaxDelay": 16,
        "MinDelay": 16,
        "ChestOpenDelay": 300,
        "TakeRandomized": false,
        "OnlyItems": false,
        "NoCompass": false,
        "AutoClose": true,
        "Silent": true,
        "SilentTitle": true,
        "AutoCloseMaxDelay": 0,
        "AutoCloseMinDelay": 0,
        "CloseOnFull": true,
        "ChestTitle": false
      }
    },
    "ChinaHat": {
      "state": false,
      "keybind": 0,
      "array": true,
      "autodisable": "NONE",
      "trigger": "TOGGLE",
      "values": {
        "Height": 0.3,
        "Radius": 0.7,
        "YPos": 0.0,
        "RotateSpeed": 2.0,
        "DrawThePlayer": true,
        "OnlyThirdPerson": true,
        "DrawTargets": true,
        "R": 255,
        "G": 255,
        "B": 255,
        "Alpha": 255,
        "Rainbow": false
      }
    },
    "ClickGUI": {
      "state": false,
      "keybind": 54,
      "trigger": "TOGGLE",
      "values": {
        "Style": "LiquidBounce",
        "Scale": 0.6,
        "MaxElements": 4,
        "Rainbow": true,
        "R": 0,
        "G": 160,
        "B": 255
      }
    },
    "Criticals": {
      "state": false,
      "keybind": 45,
      "array": true,
      "autodisable": "NONE",
      "trigger": "TOGGLE",
      "values": {
        "Mode": "LitePacket",
        "MotionMode": "Jump",
        "HoverMode": "AAC4",
        "HoverNoFall": false,
        "HoverOnlyCombat": false,
        "Delay": 0,
        "HurtTime": 10,
        "UseC06Packet": true,
        "DebugMessage": true
      }
    },
    "Crosshair": {
      "state": true,
      "keybind": 0,
      "array": true,
      "autodisable": "NONE",
      "trigger": "TOGGLE",
      "values": {
        "Color": "Rainbow",
        "Red": 255,
        "Green": 255,
        "Blue": 255,
        "Alpha": 255,
        "Saturation": 0.54,
        "Brightness": 1.0,
        "Width": 0.25,
        "Length": 12.65,
        "Gap": 10.31,
        "Dynamic": true,
        "HitMarker": true
      }
    },
    "DamageParticle": {
      "state": true,
      "keybind": 0,
      "array": false,
      "autodisable": "NONE",
      "trigger": "TOGGLE",
      "values": {
        "AliveTicks": 20,
        "Size": 3,
        "Red": 68,
        "Green": 117,
        "Blue": 255,
        "Alpha": 100,
        "Rainbow": true
      }
    },
    "Disabler": {
      "state": false,
      "keybind": 48,
      "array": true,
      "autodisable": "NONE",
      "trigger": "TOGGLE",
      "values": {
        "Mode": "Flying",
        "Debug": false,
        "OldMatrixWithAAC5": false,
        "FakeLagPosition": false,
        "FakeLagBlock": false,
        "FakeLagAttack": false,
        "FakeLagC03Spoof": false,
        "LagDelay": 0,
        "LagDuration": 200,
        "VerusSlientFlagApply": false,
        "VerusBufferSize": 300
      }
    },
    "ESP": {
      "state": true,
      "keybind": 0,
      "array": true,
      "autodisable": "NONE",
      "trigger": "TOGGLE",
      "values": {
        "Mode": "CSGO",
        "Outline-Width": 0.6,
        "WireFrame-Width": 0.1,
        "ShaderOutline-Radius": 1.95,
        "ShaderGlow-Radius": 2.3,
        "CSGO-Width": 1.19,
        "R": 255,
        "G": 255,
        "B": 255,
        "Rainbow": false,
        "Team": false
      }
    },
    "Eagle": {
      "state": false,
      "keybind": 0,
      "array": true,
      "autodisable": "NONE",
      "trigger": "TOGGLE",
      "values": {}
    },
    "EnchantEffect": {
      "state": false,
      "keybind": 0,
      "array": false,
      "autodisable": "NONE",
      "trigger": "TOGGLE",
      "values": {
        "Mode": "AnotherRainbow",
        "Red": 255,
        "Green": 0,
        "Blue": 0
      }
    },
    "FastBreak": {
      "state": false,
      "keybind": 0,
      "array": true,
      "autodisable": "NONE",
      "trigger": "TOGGLE",
      "values": {
        "BreakDamage": 0.8
      }
    },
    "FastPlace": {
      "state": false,
      "keybind": 0,
      "array": false,
      "autodisable": "NONE",
      "trigger": "TOGGLE",
      "values": {
        "Speed": 1
      }
    },
    "FastUse": {
      "state": false,
      "keybind": 0,
      "array": true,
      "autodisable": "NONE",
      "trigger": "TOGGLE",
      "values": {
        "Mode": "CustomDelay",
        "Timer": 0.89,
        "InstantDelay": 0,
        "CustomDelay": 0
      }
    },
    "Fly": {
      "state": false,
      "keybind": 0,
      "array": true,
      "autodisable": "FLAG",
      "trigger": "TOGGLE",
      "values": {
        "Mode": "NCP",
        "MotionReset": false,
        "Mark": "Off",
        "FakeDamage": false,
        "AAC1.9.10-Speed": 0.0,
        "AAC3.0.5-Fast": false,
        "AAC3.3.12-Motion": 0.1,
        "AAC3.3.13-Motion": 0.1,
        "AAC5.2.0-Vanilla-Speed": 2.0,
        "AAC5.2.0-Vanilla-Smooth": false,
        "AAC5.2.0-Vanilla-Purse": 7,
        "AAC5.2.0-Vanilla-PacketMode": "Old",
        "AAC5.2.0-Vanilla-UseC04": false,
        "BugSpartan-Speed": 2.0,
        "Clip-X": 2.0,
        "Clip-Y": 2.0,
        "Clip-Z": 2.0,
        "Clip-Delay": 500,
        "Clip-MotionX": 0.0,
        "Clip-MotionY": 0.0,
        "Clip-MotionZ": 0.0,
        "Clip-Timer": 0.7,
        "FunCraft-Timer": 1.0,
        "Hypixel-Boost": false,
        "Hypixel-BoostDelay": 0,
        "Hypixel-BoostTimer": 1.0,
        "Matrix1.17--SpoofGround": true,
        "MineSecure-Speed": 2.0,
        "Mineplex-Speed": 1.0,
        "NCP-Motion": 0.0,
        "NeruxVace-Ticks": 6,
        "SmoothVanilla-Speed": 2.0,
        "SmoothVanilla-KickBypass": false,
        "Vanilla-Speed": 2.0,
        "Vanilla-KickBypass": false,
        "Vanilla-KeepAlive": false,
        "Vanilla-NoClip": false,
        "Vanilla-SpoofGround": false,
        "Verus-Speed": 1.5,
        "Verus2-Speed": 1.5,
        "Verus4-Speed": 2.0,
        "Verus6-AirSpeed": 0.5,
        "Verus6-GroundSpeed": 0.42,
        "Verus6-HopDelay": 3
      }
    },
    "FreeCam": {
      "state": false,
      "keybind": 38,
      "array": true,
      "autodisable": "RESPAWN",
      "trigger": "TOGGLE",
      "values": {
        "Speed": 0.8,
        "Fly": true,
        "NoClip": true,
        "RecordMotion": true,
        "C03Spoof": true
      }
    },
    "Freeze": {
      "state": false,
      "keybind": 0,
      "array": true,
      "autodisable": "RESPAWN",
      "trigger": "TOGGLE",
      "values": {}
    },
    "Fucker": {
      "state": false,
      "keybind": 24,
      "array": false,
      "autodisable": "NONE",
      "trigger": "TOGGLE",
      "values": {
        "Block": 26,
        "Swing": "Normal",
        "ThroughWalls": "None",
        "Range": 5.0,
        "Action": "Destroy",
        "Instant": true,
        "SwitchDelay": 250,
        "Rotations": false,
        "Surroundings": false,
        "NoHit": false,
        "Bypass": false
      }
    },
    "Gapple": {
      "state": false,
      "keybind": 33,
      "array": true,
      "autodisable": "NONE",
      "trigger": "TOGGLE",
      "values": {
        "Mode": "LegitAuto",
        "Health": 5.15,
        "Delay": 0,
        "NoAbsorption": false
      }
    },
    "GhostHand": {
      "state": false,
      "keybind": 0,
      "array": true,
      "autodisable": "NONE",
      "trigger": "TOGGLE",
      "values": {
        "Block": 54,
        "Radius": 4
      }
    },
    "HUD": {
      "state": true,
      "keybind": 0,
      "array": false,
      "autodisable": "NONE",
      "trigger": "TOGGLE",
      "values": {
        "BetterHotbar": false,
        "HotbarAlpha": 9,
        "HotbarEase": true,
        "HotbarAnimSpeed": 10,
        "HotbarAnimType": "SINE",
        "HotbarAnimOrder": "FAST_AT_START",
        "InventoryParticle": false,
        "Blur": false,
        "FontChat": false,
        "ChatRect": false,
        "ChatCombine": false,
        "ChatAnimation": false,
        "RainbowStart": 0.62,
        "RainbowStop": 0.58,
        "RainbowSaturation": 0.7,
        "RainbowBrightness": 1.0,
        "RainbowSpeed": 1500,
        "ArraylistXAxisAnimSpeed": 10,
        "ArraylistXAxisAnimType": "SINE",
        "ArraylistXAxisHotbarAnimOrder": "FAST_AT_START",
        "ArraylistYAxisAnimSpeed": 10,
        "ArraylistYAxisAnimType": "SINE",
        "ArraylistYAxisHotbarAnimOrder": "FAST_AT_START",
        "FontVectorEpsilon": 0.5,
        "FontDoubleRender": true,
        "FontOnlyASCII": false,
        "Button": "FLine"
      }
    },
    "HackerDetector": {
      "state": false,
      "keybind": 0,
      "array": true,
      "autodisable": "NONE",
      "trigger": "TOGGLE",
      "values": {
        "Combat": true,
        "Movement": true,
        "Debug": true,
        "Notify": true,
        "AutoReport": true,
        "VL": 500
      }
    },
    "HealthWarn": {
      "state": false,
      "keybind": 0,
      "array": false,
      "autodisable": "NONE",
      "trigger": "TOGGLE",
      "values": {
        "Health": 4
      }
    },
    "HighJump": {
      "state": false,
      "keybind": 0,
      "array": true,
      "autodisable": "NONE",
      "trigger": "TOGGLE",
      "values": {
        "Height": 4.23,
        "Mode": "Mineplex",
        "OnlyGlassPane": false,
        "StableMotion": 0.42
      }
    },
    "HitBox": {
      "state": false,
      "keybind": 0,
      "array": true,
      "autodisable": "NONE",
      "trigger": "TOGGLE",
      "values": {
        "Size": 0.97
      }
    },
    "HudDesigner": {
      "state": false,
      "keybind": 0,
      "trigger": "TOGGLE",
      "values": {}
    },
    "HurtCam": {
      "state": false,
      "keybind": 0,
      "trigger": "TOGGLE",
      "values": {
        "Mode": "Cancel",
        "R": 255,
        "G": 0,
        "B": 0,
        "Rainbow": true,
        "FPSTime": 1000,
        "FPSHeight": 25
      }
    },
    "InfiniteAura": {
      "state": false,
      "keybind": 0,
      "array": true,
      "autodisable": "NONE",
      "trigger": "TOGGLE",
      "values": {
        "Mode": "Aura",
        "Targets": 1,
        "CPS": 10,
        "Distance": 6,
        "MoveDistance": 5.94,
        "NoRegen": false,
        "Swing": false,
        "PathRender": false
      }
    },
    "InventoryCleaner": {
      "state": false,
      "keybind": 0,
      "array": true,
      "autodisable": "NONE",
      "trigger": "TOGGLE",
      "values": {
        "MaxDelay": 81,
        "MinDelay": 70,
        "InvOpen": false,
        "SimulateInventory": true,
        "SimulateInventoryDelay": 0,
        "NoMove": false,
        "Hotbar": true,
        "RandomSlot": false,
        "Sort": true,
        "ThrowGarbage": true,
        "Armor": true,
        "NoCombat": false,
        "ItemDelay": 0,
        "NBTGoal": "NONE",
        "NBTItemNotGarbage": true,
        "NBTArmorPriority": 0.0,
        "NBTWeaponPriority": 0.0,
        "IgnoreVehicles": false,
        "OnlyPositivePotion": false,
        "SortSlot-1": "Sword",
        "SortSlot-2": "Bow",
        "SortSlot-3": "Pickaxe",
        "SortSlot-4": "Axe",
        "SortSlot-5": "None",
        "SortSlot-6": "None",
        "SortSlot-7": "Food",
        "SortSlot-8": "Block",
        "SortSlot-9": "Block"
      }
    },
    "InventoryMove": {
      "state": true,
      "keybind": 0,
      "array": false,
      "autodisable": "NONE",
      "trigger": "TOGGLE",
      "values": {
        "NoDetectable": false,
        "Bypass": "None",
        "Rotate": false,
        "NoMoveClicks": false,
        "NoSprint": "None"
      }
    },
    "ItemESP": {
      "state": false,
      "keybind": 0,
      "array": true,
      "autodisable": "NONE",
      "trigger": "TOGGLE",
      "values": {
        "Mode": "Box",
        "Outline-Width": 3.0,
        "R": 0,
        "G": 255,
        "B": 0,
        "Rainbow": true
      }
    },
    "Jesus": {
      "state": false,
      "keybind": 0,
      "array": true,
      "autodisable": "NONE",
      "trigger": "TOGGLE",
      "values": {
        "Mode": "Vanilla",
        "NoJump": false,
        "JumpMotion": 0.5
      }
    },
    "KeyBindManager": {
      "state": false,
      "keybind": 50,
      "trigger": "TOGGLE",
      "values": {}
    },
    "Kick": {
      "state": false,
      "keybind": 0,
      "trigger": "TOGGLE",
      "values": {
        "Mode": "Quit"
      }
    },
    "KillAura": {
      "state": true,
      "keybind": 19,
      "array": true,
      "autodisable": "NONE",
      "trigger": "TOGGLE",
      "values": {
        "MaxCPS": 13,
        "MinCPS": 8,
        "HurtTime": 10,
        "1.9CombatDelay": false,
        "Range": 4.18,
        "ThroughWallsRange": 0.0,
        "SwingRange": 4.18,
        "DiscoverRange": 4.18,
        "RangeSprintReducement": 0.0,
        "Priority": "Fov",
        "TargetMode": "Single",
        "Swing": "Normal",
        "AttackTiming": "All",
        "KeepSprint": true,
        "AutoBlock": "Fake",
        "AutoBlockRange": 4.18,
        "AutoBlockPacket": "AfterTick",
        "InteractAutoBlock": true,
        "BlockRate": 100,
        "RayCast": true,
        "RayCastIgnored": true,
        "LivingRayCast": true,
        "AAC": true,
        "RotationMode": "ForceCenter",
        "MaxTurnSpeed": 180.0,
        "MinTurnSpeed": 180.0,
        "SmoothMode": "Custom",
        "CustomSmooth": 2.3,
        "RandomCenter": "Off",
        "RandomRange": 0.0,
        "SilentRotation": true,
        "Strafe": "Off",
        "StrafeOnlyGround": false,
        "RotationReverse": false,
        "RotationReverseTick": 1,
        "KeepDirection": false,
        "KeepDirectionTick": 15,
        "AlwaysHitable": false,
        "FOV": 360.0,
        "Predict": true,
        "MaxPredictSize": 2.4,
        "MinPredictSize": 1.6,
        "FailRate": 0.0,
        "FakeSwing": false,
        "NoInvAttack": "Off",
        "NoInvDelay": 100,
        "SwitchDelay": 0,
        "LimitedMultiTargets": 0,
        "Mark": "Jello",
        "FakeSharp": true,
        "Circle": true,
        "CircleRed": 255,
        "CircleGreen": 95,
        "CircleBlue": 255,
        "CircleAlpha": 255,
        "CircleAccuracy": 58
      }
    },
    "KillInsults": {
      "state": false,
      "keybind": 0,
      "array": true,
      "autodisable": "NONE",
      "trigger": "TOGGLE",
      "values": {
        "Mode": "Clear",
        "WaterMark": false
      }
    },
    "LightningDetect": {
      "state": false,
      "keybind": 0,
      "array": false,
      "autodisable": "NONE",
      "trigger": "TOGGLE",
      "values": {}
    },
    "LightningMoreDamage": {
      "state": false,
      "keybind": 0,
      "array": true,
      "autodisable": "NONE",
      "trigger": "TOGGLE",
      "values": {}
    },
    "LongJump": {
      "state": false,
      "keybind": 0,
      "array": true,
      "autodisable": "FLAG",
      "trigger": "TOGGLE",
      "values": {
        "Mode": "HYT4v4",
        "NCPBoost": 9.59,
        "RedeSkyJumpMovement": 0.18,
        "RedeSkyMotionY": 0.52,
        "RedeSkyMovementReducer": true,
        "RedeSkyReduceMovement": 0.08,
        "RedeSkyMotionYReducer": true,
        "RedeSkyReduceYMotion": 0.15,
        "RedeSkyTimer": 0.3,
        "RedeSky2AirSpeed": 0.18,
        "RedeSky2MinAirSpeed": 0.19,
        "RedeSky2ReduceAirSpeed": 0.19,
        "RedeSky2AirSpeedReducer": true,
        "RedeSky2YMotion": 0.06,
        "RedeSky2MinYMotion": 0.05,
        "RedeSky2ReduceYMotion": 0.06,
        "RedeSky2YMotionReducer": true,
        "RedeSky3JumpTime": 310,
        "RedeSky3Boost": 0.87,
        "RedeSky3Height": 0.89,
        "RedeSky3Timer": 0.1,
        "NCPDamageInstant": false,
        "AutoJump": true,
        "AutoDisable": true
      }
    },
    "MidClick": {
      "state": false,
      "keybind": 0,
      "array": true,
      "autodisable": "NONE",
      "trigger": "TOGGLE",
      "values": {}
    },
    "Modules": {
      "state": false,
      "keybind": 0,
      "trigger": "TOGGLE",
      "values": {
        "ToggleIgnoreScreen": false,
        "ToggleSound": "Custom"
      }
    },
    "NameProtect": {
      "state": true,
      "keybind": 0,
      "array": false,
      "autodisable": "NONE",
      "trigger": "TOGGLE",
      "values": {
        "AllPlayers": false,
        "SkinProtect": true,
        "FakeName": "§c[§6§b§8§a] §eGM_刘§e洪的野驴1§r",
        "PlayerName": "AAC"
      }
    },
    "NameTags": {
      "state": false,
      "keybind": 0,
      "array": false,
      "autodisable": "NONE",
      "trigger": "TOGGLE",
      "values": {
        "Mode": "Jello",
        "Health": false,
        "Ping": false,
        "Distance": false,
        "Armor": false,
        "ClearNames": false,
        "Font": {
          "fontName": "Minecraft",
          "fontSize": -1
        },
        "Border": true,
        "Hacker": false,
        "JelloHPColor": false,
        "JelloAlpha": 122,
        "Scale": 3.04
      }
    },
    "NewCriticals": {
      "state": false,
      "keybind": 0,
      "array": true,
      "autodisable": "NONE",
      "trigger": "TOGGLE",
      "values": {
        "Mode": "BlinkFix"
      }
    },
    "NoAchievements": {
      "state": false,
      "keybind": 0,
      "array": false,
      "autodisable": "NONE",
      "trigger": "TOGGLE",
      "values": {}
    },
    "NoBob": {
      "state": true,
      "keybind": 0,
      "array": false,
      "autodisable": "NONE",
      "trigger": "TOGGLE",
      "values": {}
    },
    "NoFOV": {
      "state": true,
      "keybind": 0,
      "array": false,
      "autodisable": "NONE",
      "trigger": "TOGGLE",
      "values": {
        "FOV": 1.15
      }
    },
    "NoFall": {
      "state": false,
      "keybind": 49,
      "array": true,
      "autodisable": "NONE",
      "trigger": "TOGGLE",
      "values": {
        "Mode": "AAC5.0.14",
        "PhaseOffset": 1,
        "MinMLGHeight": 5.0,
        "MotionSpeed": -0.01
      }
    },
    "NoJumpDelay": {
      "state": true,
      "keybind": 0,
      "array": true,
      "autodisable": "NONE",
      "trigger": "TOGGLE",
      "values": {}
    },
    "NoRotateSet": {
      "state": false,
      "keybind": 0,
      "array": false,
      "autodisable": "NONE",
      "trigger": "TOGGLE",
      "values": {
        "Confirm": true,
        "ConfirmIllegalRotation": false,
        "NoZero": false
      }
    },
    "NoSlow": {
      "state": true,
      "keybind": 0,
      "array": true,
      "autodisable": "NONE",
      "trigger": "TOGGLE",
      "values": {
        "PacketMode": "Vanilla",
        "BlockForwardMultiplier": 1.0,
        "BlockStrafeMultiplier": 0.2,
        "ConsumeForwardMultiplier": 0.2,
        "ConsumeStrafeMultiplier": 0.2,
        "BowForwardMultiplier": 1.0,
        "BowStrafeMultiplier": 0.2,
        "CustomOnGround": false,
        "CustomDelay": 60,
        "Soulsand": true,
        "Teleport": true,
        "TeleportMode": "Vanilla",
        "TeleportNoApply": false,
        "Teleport-CustomSpeed": 0.13,
        "Teleport-CustomY": false,
        "Teleport-DecreasePercent": 0.13
      }
    },
    "NoSlowBreak": {
      "state": false,
      "keybind": 24,
      "array": true,
      "autodisable": "NONE",
      "trigger": "TOGGLE",
      "values": {
        "Air": true,
        "Water": true
      }
    },
    "NoSlowDown": {
      "state": false,
      "keybind": 24,
      "array": true,
      "autodisable": "NONE",
      "trigger": "TOGGLE",
      "values": {}
    },
    "NoWeb": {
      "state": false,
      "keybind": 0,
      "array": false,
      "autodisable": "NONE",
      "trigger": "TOGGLE",
      "values": {
        "Mode": "AAC5",
        "HorizonSpeed": 0.1
      }
    },
    "Parkour": {
      "state": false,
      "keybind": 0,
      "array": true,
      "autodisable": "NONE",
      "trigger": "TOGGLE",
      "values": {}
    },
    "Phase": {
      "state": false,
      "keybind": 0,
      "array": true,
      "autodisable": "NONE",
      "trigger": "TOGGLE",
      "values": {
        "Mode": "Skip"
      }
    },
    "PingSpoof": {
      "state": false,
      "keybind": 0,
      "array": true,
      "autodisable": "NONE",
      "trigger": "TOGGLE",
      "values": {
        "MaxDelay": 1000,
        "MinDelay": 500,
        "C00": true,
        "C0F": false,
        "C0B": false,
        "C13": false,
        "C16": true,
        "Cancel": false
      }
    },
    "Plugins": {
      "state": false,
      "keybind": 0,
      "array": true,
      "autodisable": "NONE",
      "trigger": "TOGGLE",
      "values": {}
    },
    "PointerESP": {
      "state": false,
      "keybind": 0,
      "array": false,
      "autodisable": "NONE",
      "trigger": "TOGGLE",
      "values": {
        "Dimension": "2d",
        "Mode": "Solid",
        "LineWidth": 4.0,
        "Red": 140,
        "Green": 140,
        "Blue": 255,
        "Rainbow": false,
        "DamageColor": true,
        "SmoothDamageColor": false,
        "DamageRed": 255,
        "DamageGreen": 0,
        "DamageBlue": 0,
        "DamageRainbow": false,
        "Alpha": 255,
        "DistanceAlpha": true,
        "Distance": 70,
        "AlphaMin": 100,
        "ArrowSize": 10,
        "AngleSize": 50,
        "Radius": 70
      }
    },
    "PrevFallPos": {
      "state": true,
      "keybind": 0,
      "array": true,
      "autodisable": "NONE",
      "trigger": "TOGGLE",
      "values": {
        "Mode": "Outline",
        "Outline-Width": 3.0,
        "FallDist": 1.15,
        "R": 255,
        "G": 255,
        "B": 255,
        "A": 130,
        "Rainbow": false
      }
    },
    "Projectiles": {
      "state": true,
      "keybind": 0,
      "array": true,
      "autodisable": "NONE",
      "trigger": "TOGGLE",
      "values": {
        "DynamicBowPower": true
      }
    },
    "Reach": {
      "state": true,
      "keybind": 0,
      "array": true,
      "autodisable": "NONE",
      "trigger": "TOGGLE",
      "values": {
        "CombatReach": 3.37,
        "BuildReach": 4.5
      }
    },
    "Regen": {
      "state": false,
      "keybind": 0,
      "array": true,
      "autodisable": "NONE",
      "trigger": "TOGGLE",
      "values": {
        "Mode": "Vanilla",
        "Health": 18,
        "Food": 20,
        "Speed": 100,
        "NoAir": false,
        "PotionEffect": false
      }
    },
    "Rotations": {
      "state": false,
      "keybind": 0,
      "trigger": "TOGGLE",
      "values": {
        "Head": true,
        "Body": true,
        "SensitivityFixed": "New",
        "NaNCheck": false
      }
    },
    "SafeWalk": {
      "state": false,
      "keybind": 0,
      "array": true,
      "autodisable": "NONE",
      "trigger": "TOGGLE",
      "values": {
        "AirSafe": false,
        "OnlyPredictVoid": false
      }
    },
    "Scaffold": {
      "state": false,
      "keybind": 0,
      "array": true,
      "autodisable": "NONE",
      "trigger": "TOGGLE",
      "values": {
        "PlaceableDelay": "Smart",
        "MaxDelay": 0,
        "MinDelay": 0,
        "AutoBlock": "Spoof",
        "Sprint": "OnGround",
        "Swing": "Normal",
        "Search": true,
        "Down": true,
        "PlaceTiming": "Pre",
        "Eagle": "Silent",
        "BlocksToEagle": 0,
        "ExpandLength": 1,
        "Rotations": "AAC",
        "AACYawOffset": 0,
        "CustomYaw": 180,
        "CustomPitch": 55,
        "SilentRotation": true,
        "MinRotationSpeed": 180,
        "MaxRotationSpeed": 180,
        "KeepRotationTick": 0,
        "ZitterMode": "OFF",
        "ZitterSpeed": 0.1,
        "ZitterStrength": 0.05,
        "Timer": 0.85,
        "MotionSpeedSet": false,
        "MotionSpeed": 0.13,
        "SpeedModifier": 1.06,
        "TowerMode": "Jump",
        "StopTowerWhenBlockAbove": false,
        "TowerFakeJump": true,
        "TowerActivation": "OFF",
        "TowerTimer": 0.85,
        "SameY": "OFF",
        "SafeWalk": "Air",
        "HitableCheck": "OFF",
        "ExtraClick": "AfterPlace",
        "ExtraClickMaxDelay": 20,
        "ExtraClickMinDelay": 20,
        "TowerJumpMotion": 0.37,
        "TowerJumpDelay": 0,
        "TowerStableMotion": 0.42,
        "TowerPlusMotion": 0.1,
        "TowerPlusMaxMotion": 0.8,
        "TowerConstantMotion": 0.42,
        "TowerConstantMotionJumpGround": 0.79,
        "TowerTeleportHeight": 1.15,
        "TowerTeleportDelay": 0,
        "TowerTeleportGround": true,
        "TowerTeleportNoMotion": false,
        "Counter": true,
        "Mark": false
      }
    },
    "ServerCrasher": {
      "state": false,
      "keybind": 0,
      "array": true,
      "autodisable": "NONE",
      "trigger": "TOGGLE",
      "values": {
        "Mode": "C08",
        "PacketAmount": 500,
        "BookMode": "Payload",
        "Log4JMode": "Chat",
        "SlientInventory": false
      }
    },
    "Skeletal": {
      "state": false,
      "keybind": 0,
      "array": true,
      "autodisable": "NONE",
      "trigger": "TOGGLE",
      "values": {
        "Red": 255,
        "Green": 255,
        "Blue": 255,
        "Rainbow": false,
        "LineWidth": 1.0,
        "OnlyEnemy": true
      }
    },
    "Spammer": {
      "state": false,
      "keybind": 0,
      "array": true,
      "autodisable": "NONE",
      "trigger": "TOGGLE",
      "values": {
        "MaxDelay": 4518,
        "MinDelay": 3131,
        "Mode": "Single",
        "Message": "@就烦你们这群绿色玩家秀你乃技术",
        "InsultMessage": "[%s] %w [%s]"
      }
    },
    "Speed": {
      "state": false,
      "keybind": 48,
      "array": true,
      "autodisable": "FLAG",
      "trigger": "TOGGLE",
      "values": {
        "Mode": "SlowHop",
        "NoWater": false,
        "AACGround-Timer": 3.0,
        "AACGround2-Timer": 3.0,
        "AACPort-Length": 1.0,
        "CustomSpeed": 1.6,
        "CustomLaunchSpeed": 1.6,
        "CustomAddYMotion": 0.0,
        "CustomY": 0.0,
        "CustomUpTimer": 1.0,
        "CustomDownTimer": 1.0,
        "CustomStrafe": "Boost",
        "CustomGroundStay": 0,
        "CustomGroundResetXZ": false,
        "CustomResetXZ": false,
        "CustomResetY": false,
        "CustomDoLaunchSpeed": true,
        "MatrixBHopSpeed": 1.0,
        "NoTimer": false,
        "TeleportCubeCraft-PortLength": 1.0,
        "VerusYPort-Speed": 0.61,
        "VerusYPort2-Speed": 0.61
      }
    },
    "Spider": {
      "state": false,
      "keybind": 0,
      "array": true,
      "autodisable": "NONE",
      "trigger": "TOGGLE",
      "values": {
        "Mode": "Collide",
        "Height": 2,
        "Motion": 0.42
      }
    },
    "Sprint": {
      "state": true,
      "keybind": 0,
      "array": false,
      "autodisable": "NONE",
      "trigger": "TOGGLE",
      "values": {
        "AllDirections": false,
        "AllDirectionsBypass": "None",
        "Blindness": false,
        "Food": false,
        "CheckServerSide": false,
        "CheckServerSideOnlyGround": false,
        "NoPacket": false,
        "AllDirectionsLimitSpeedOnlyGround": false,
        "AllDirectionsLimitSpeed": 0.7
      }
    },
    "Step": {
      "state": false,
      "keybind": 0,
      "array": true,
      "autodisable": "NONE",
      "trigger": "TOGGLE",
      "values": {
        "Mode": "Rewinside",
        "Height": 9.55,
        "JumpMotion": 0.42,
        "Delay": 0,
        "Timer": 1.0,
        "UseDynamicTimer": false
      }
    },
    "StorageESP": {
      "state": false,
      "keybind": 0,
      "array": true,
      "autodisable": "NONE",
      "trigger": "TOGGLE",
      "values": {
        "Mode": "Outline",
        "Outline-Width": 3.0,
        "Chest": true,
        "EnderChest": true,
        "Furnace": true,
        "Dispenser": true,
        "Hopper": true
      }
    },
    "Strafe": {
      "state": false,
      "keybind": 0,
      "array": true,
      "autodisable": "NONE",
      "trigger": "TOGGLE",
      "values": {}
    },
    "SuperKnockback": {
      "state": false,
      "keybind": 0,
      "array": true,
      "autodisable": "NONE",
      "trigger": "TOGGLE",
      "values": {
        "HurtTime": 10,
        "Mode": "WTap",
        "OnlyMove": true,
        "OnlyGround": false,
        "Delay": 250
      }
    },
    "Target": {
      "state": false,
      "keybind": 0,
      "trigger": "TOGGLE",
      "values": {
        "Player": true,
        "Animal": false,
        "Mob": false,
        "Invisible": true,
        "Dead": false
      }
    },
    "TargetStrafe": {
      "state": true,
      "keybind": 19,
      "array": true,
      "autodisable": "NONE",
      "trigger": "TOGGLE",
      "values": {
        "Radius": 2.97,
        "AirRotate": 86.9,
        "AirInstaRotate": 180.0,
        "HoldSpace": false,
        "OnlySpeed": false,
        "VelocityChange": true,
        "Render": true
      }
    },
    "Teams": {
      "state": false,
      "keybind": 0,
      "array": true,
      "autodisable": "NONE",
      "trigger": "TOGGLE",
      "values": {
        "ScoreboardTeam": false,
        "Color": false,
        "GommeSW": false,
        "ArmorColor": true
      }
    },
    "Teleport": {
      "state": false,
      "keybind": 0,
      "array": true,
      "autodisable": "NONE",
      "trigger": "TOGGLE",
      "values": {
        "IgnoreNoCollision": false,
        "Mode": "Blink",
        "Button": "Left",
        "NeedSneak": true
      }
    },
    "Timer": {
      "state": false,
      "keybind": 0,
      "array": true,
      "autodisable": "RESPAWN",
      "trigger": "TOGGLE",
      "values": {
        "Speed": 0.35,
        "OnMove": false
      }
    },
    "Title": {
      "state": true,
      "keybind": 0,
      "array": true,
      "autodisable": "NONE",
      "trigger": "TOGGLE",
      "values": {
        "AutoMessage": true,
        "Title": true,
        "AntiAFK": false
      }
    },
    "Tracers": {
      "state": false,
      "keybind": 0,
      "array": true,
      "autodisable": "NONE",
      "trigger": "TOGGLE",
      "values": {
        "Color": "Custom",
        "Thickness": 2.0,
        "R": 0,
        "G": 160,
        "B": 255
      }
    },
    "TrueSight": {
      "state": false,
      "keybind": 0,
      "array": true,
      "autodisable": "NONE",
      "trigger": "TOGGLE",
      "values": {
        "Barriers": false,
        "Entities": true
      }
    },
    "Velocity": {
      "state": true,
      "keybind": 19,
      "array": true,
      "autodisable": "NONE",
      "trigger": "TOGGLE",
      "values": {
        "Horizontal": 0.0,
        "Vertical": 0.0,
        "VelocityTick": 100,
        "Mode": "Simple",
        "ReverseStrength": 1.0,
        "SmoothReverseStrength": 0.05,
        "AACPushXZReducer": 2.0,
        "AACPushYReducer": false,
        "PhaseHeight": 0.5,
        "PhaseOnlyGround": true,
        "LegitStrafe": false,
        "LegitFace": true,
        "RedeskyAlwaysReduce": true,
        "RedeskyOnlyDanger": false,
        "OnlyGround": false,
        "OnlyCombat": false,
        "noFire": true
      }
    },
    "XRay": {
      "state": false,
      "keybind": 37,
      "array": true,
      "autodisable": "RESPAWN",
      "trigger": "TOGGLE",
      "values": {}
    }
  }
}